{"uid":"b1a8273437954620fa374b796ffaacdd","name":"behaviors","children":[{"name":"Get In Touch – Clear button should Reset all fields","uid":"f594615141e32c1c","parentUid":"b1a8273437954620fa374b796ffaacdd","status":"skipped","time":{"start":1770737461035,"stop":1770737461041,"duration":6},"flaky":false,"newFailed":false,"newPassed":false,"newBroken":false,"retriesCount":1,"retriesStatusChange":false,"parameters":["IQZ Web Page Regression Tests"],"tags":[]},{"name":"Get In Touch – Submit form with valid data","uid":"e47746f9792bef0d","parentUid":"b1a8273437954620fa374b796ffaacdd","status":"skipped","time":{"start":1770737461043,"stop":1770737461043,"duration":0},"flaky":false,"newFailed":false,"newPassed":false,"newBroken":false,"retriesCount":1,"retriesStatusChange":false,"parameters":["IQZ Web Page Regression Tests"],"tags":[]},{"name":"Get In Touch","children":[{"name":"Successful Clear Action","children":[{"name":"Get In Touch – Clear button should Reset all fields","uid":"64d508cc67ba4e2e","parentUid":"54c0b18ce6d9e87cd019779645d53ff9","status":"passed","time":{"start":1770737462499,"stop":1770737480202,"duration":17703},"flaky":false,"newFailed":false,"newPassed":false,"newBroken":false,"retriesCount":1,"retriesStatusChange":true,"parameters":["IQZ Web Page Regression Tests"],"tags":[]}],"uid":"54c0b18ce6d9e87cd019779645d53ff9"},{"name":"Mandatory Fields Validion","children":[{"name":"Get In Touch – Mandatory validation Error Messages","uid":"2b7d94a4981c5e1","parentUid":"4ab609dbb3a145fa5fb4ddaea66e842d","status":"passed","time":{"start":1770737462524,"stop":1770737491143,"duration":28619},"flaky":false,"newFailed":false,"newPassed":false,"newBroken":false,"retriesCount":1,"retriesStatusChange":false,"parameters":["IQZ Web Page Regression Tests"],"tags":[]}],"uid":"4ab609dbb3a145fa5fb4ddaea66e842d"}],"uid":"aa4e42735ec14ec1d21043c0e286cb7b"}]}