{"uid":"83edc06c07f9ae9e47eb6dd1b683e4e2","name":"packages","children":[{"name":"getInTouchMobile.spec.ts","children":[{"name":"Get In Touch – Clear button should Reset all fields","uid":"f594615141e32c1c","parentUid":"52d54007dffdf1edfde14a0d93e0cc85","status":"skipped","time":{"start":1770737461035,"stop":1770737461041,"duration":6},"flaky":false,"newFailed":false,"newPassed":false,"newBroken":false,"retriesCount":1,"retriesStatusChange":false,"parameters":["IQZ Web Page Regression Tests"],"tags":[]}],"uid":"getInTouchMobile.spec.ts"},{"name":"getInTouchPositive.spec.ts","children":[{"name":"Get In Touch – Submit form with valid data","uid":"e47746f9792bef0d","parentUid":"dd827046d24d5973c321c97cf0419865","status":"skipped","time":{"start":1770737461043,"stop":1770737461043,"duration":0},"flaky":false,"newFailed":false,"newPassed":false,"newBroken":false,"retriesCount":1,"retriesStatusChange":false,"parameters":["IQZ Web Page Regression Tests"],"tags":[]}],"uid":"getInTouchPositive.spec.ts"},{"name":"getInTouchClear.spec.ts","children":[{"name":"Get In Touch – Clear button should Reset all fields","uid":"64d508cc67ba4e2e","parentUid":"777c5650f183c2937f068924ab4d6da0","status":"passed","time":{"start":1770737462499,"stop":1770737480202,"duration":17703},"flaky":false,"newFailed":false,"newPassed":false,"newBroken":false,"retriesCount":1,"retriesStatusChange":true,"parameters":["IQZ Web Page Regression Tests"],"tags":[]}],"uid":"getInTouchClear.spec.ts"},{"name":"getInTouchNegative.spec.ts","children":[{"name":"Get In Touch – Mandatory validation Error Messages","uid":"2b7d94a4981c5e1","parentUid":"3dd3f874c6559057d7541e23a2b1b454","status":"passed","time":{"start":1770737462524,"stop":1770737491143,"duration":28619},"flaky":false,"newFailed":false,"newPassed":false,"newBroken":false,"retriesCount":1,"retriesStatusChange":false,"parameters":["IQZ Web Page Regression Tests"],"tags":[]}],"uid":"getInTouchNegative.spec.ts"}]}