{"uid":"98d3104e051c652961429bf95fa0b5d6","name":"suites","children":[{"name":"IQZ Web Page Regression Tests","children":[{"name":"getInTouchMobile.spec.ts","children":[{"name":"Get In Touch – Clear button should Reset all fields","uid":"f594615141e32c1c","parentUid":"37571805e8f2c0a4fa3a1490ec1b97e1","status":"skipped","time":{"start":1770737461035,"stop":1770737461041,"duration":6},"flaky":false,"newFailed":false,"newPassed":false,"newBroken":false,"retriesCount":1,"retriesStatusChange":false,"parameters":["IQZ Web Page Regression Tests"],"tags":[]}],"uid":"37571805e8f2c0a4fa3a1490ec1b97e1"},{"name":"getInTouchPositive.spec.ts","children":[{"name":"Get In Touch – Submit form with valid data","uid":"e47746f9792bef0d","parentUid":"df9a600eb52190d2a353b05199305c50","status":"skipped","time":{"start":1770737461043,"stop":1770737461043,"duration":0},"flaky":false,"newFailed":false,"newPassed":false,"newBroken":false,"retriesCount":1,"retriesStatusChange":false,"parameters":["IQZ Web Page Regression Tests"],"tags":[]}],"uid":"df9a600eb52190d2a353b05199305c50"},{"name":"getInTouchClear.spec.ts","children":[{"name":"Get In Touch – Clear button should Reset all fields","uid":"64d508cc67ba4e2e","parentUid":"51cade3409f901228a0cf6609272d2f0","status":"passed","time":{"start":1770737462499,"stop":1770737480202,"duration":17703},"flaky":false,"newFailed":false,"newPassed":false,"newBroken":false,"retriesCount":1,"retriesStatusChange":true,"parameters":["IQZ Web Page Regression Tests"],"tags":[]}],"uid":"51cade3409f901228a0cf6609272d2f0"},{"name":"getInTouchNegative.spec.ts","children":[{"name":"Get In Touch – Mandatory validation Error Messages","uid":"2b7d94a4981c5e1","parentUid":"a3fa7e83533749b0b26ed8f9b3befafc","status":"passed","time":{"start":1770737462524,"stop":1770737491143,"duration":28619},"flaky":false,"newFailed":false,"newPassed":false,"newBroken":false,"retriesCount":1,"retriesStatusChange":false,"parameters":["IQZ Web Page Regression Tests"],"tags":[]}],"uid":"a3fa7e83533749b0b26ed8f9b3befafc"}],"uid":"8ed266f971d2cc0277a267da39bfe825"}]}