"DESCRIPTION","DURATION IN MS","NAME","PARENT SUITE","START TIME","STATUS","STOP TIME","SUB SUITE","SUITE","TEST CLASS","TEST METHOD"
"","0","Get In Touch – Submit form with valid data","IQZ Web Page Regression Tests","2026-02-10","skipped","2026-02-10","","getInTouchPositive.spec.ts","",""
"","6","Get In Touch – Clear button should Reset all fields","IQZ Web Page Regression Tests","2026-02-10","skipped","2026-02-10","","getInTouchMobile.spec.ts","",""
"
        Scenario: To verify the Clear button functionality
        GIVEN
        User is on the Home page and Navigates to Get In touch Popup.
        WHEN
        User enters valid details on the required fields 
        AND 
        Clicks Clear button
        THEN System should clear the values entered on the fields.
        ","17703","Get In Touch – Clear button should Reset all fields","IQZ Web Page Regression Tests","2026-02-10","passed","2026-02-10","","getInTouchClear.spec.ts","",""
"
        Scenario: To Verify Mandatory Validtion error messages
        GIVEN
        User opens Getintouch popup
        WHEN
        User does not enter any values on the required fields
        AND
        Clicks Submit button
        THEN
        System should display Mandatory validation error messages on the respective fields.
        ","28619","Get In Touch – Mandatory validation Error Messages","IQZ Web Page Regression Tests","2026-02-10","passed","2026-02-10","","getInTouchNegative.spec.ts","",""
