{"uid":"ab17fc5a4eb3bca4b216b548c7f9fcbc","name":"timeline","children":[{"name":"IQZNGLLT024","children":[{"name":"pid-25504-worker-2","children":[{"name":"Get In Touch – Mandatory validation Error Messages","uid":"2b7d94a4981c5e1","parentUid":"7a5f4ef65bff7d39a3ab6ee0c77bfa67","status":"passed","time":{"start":1770737462524,"stop":1770737491143,"duration":28619},"flaky":false,"newFailed":false,"newPassed":false,"newBroken":false,"retriesCount":1,"retriesStatusChange":false,"parameters":["IQZ Web Page Regression Tests"],"tags":[]}],"uid":"7a5f4ef65bff7d39a3ab6ee0c77bfa67"},{"name":"pid-25504-worker--1","children":[{"name":"Get In Touch – Submit form with valid data","uid":"e47746f9792bef0d","parentUid":"80ba3466f59be2626873cb6094192826","status":"skipped","time":{"start":1770737461043,"stop":1770737461043,"duration":0},"flaky":false,"newFailed":false,"newPassed":false,"newBroken":false,"retriesCount":1,"retriesStatusChange":false,"parameters":["IQZ Web Page Regression Tests"],"tags":[]},{"name":"Get In Touch – Clear button should Reset all fields","uid":"f594615141e32c1c","parentUid":"80ba3466f59be2626873cb6094192826","status":"skipped","time":{"start":1770737461035,"stop":1770737461041,"duration":6},"flaky":false,"newFailed":false,"newPassed":false,"newBroken":false,"retriesCount":1,"retriesStatusChange":false,"parameters":["IQZ Web Page Regression Tests"],"tags":[]}],"uid":"80ba3466f59be2626873cb6094192826"},{"name":"pid-20536-worker--1","children":[{"name":"Get In Touch – Clear button should Reset all fields","uid":"d07127049ddf46a1","parentUid":"db9a22f2c9ca7dc9038b560a0015e5b6","status":"skipped","time":{"start":1770737317747,"stop":1770737317752,"duration":5},"flaky":false,"newFailed":false,"newPassed":false,"newBroken":false,"retriesCount":0,"retriesStatusChange":false,"parameters":["IQZ Web Page Regression Tests"],"tags":[]},{"name":"Get In Touch – Submit form with valid data","uid":"4a10675e0b53042c","parentUid":"db9a22f2c9ca7dc9038b560a0015e5b6","status":"skipped","time":{"start":1770737317754,"stop":1770737317754,"duration":0},"flaky":false,"newFailed":false,"newPassed":false,"newBroken":false,"retriesCount":0,"retriesStatusChange":false,"parameters":["IQZ Web Page Regression Tests"],"tags":[]}],"uid":"db9a22f2c9ca7dc9038b560a0015e5b6"},{"name":"pid-20536-worker-0","children":[{"name":"Get In Touch – Clear button should Reset all fields","uid":"a2beeb1677ca83e5","parentUid":"d6d877748375cd375060ee1cfff3545e","status":"broken","time":{"start":1770737319265,"stop":1770737354696,"duration":35431},"flaky":false,"newFailed":false,"newPassed":false,"newBroken":false,"retriesCount":0,"retriesStatusChange":false,"parameters":["IQZ Web Page Regression Tests"],"tags":[]}],"uid":"d6d877748375cd375060ee1cfff3545e"},{"name":"pid-20536-worker-2","children":[{"name":"Get In Touch – Mandatory validation Error Messages","uid":"6bd458b72fb9bc19","parentUid":"9f042192a9f64341ca734719eedcf871","status":"passed","time":{"start":1770737319255,"stop":1770737327389,"duration":8134},"flaky":false,"newFailed":false,"newPassed":false,"newBroken":false,"retriesCount":0,"retriesStatusChange":false,"parameters":["IQZ Web Page Regression Tests"],"tags":[]}],"uid":"9f042192a9f64341ca734719eedcf871"},{"name":"pid-25504-worker-0","children":[{"name":"Get In Touch – Clear button should Reset all fields","uid":"64d508cc67ba4e2e","parentUid":"dafe74d4797ef1a7f5908cbf20abf629","status":"passed","time":{"start":1770737462499,"stop":1770737480202,"duration":17703},"flaky":false,"newFailed":false,"newPassed":false,"newBroken":false,"retriesCount":1,"retriesStatusChange":true,"parameters":["IQZ Web Page Regression Tests"],"tags":[]}],"uid":"dafe74d4797ef1a7f5908cbf20abf629"}],"uid":"36b699006fb0803273b8f72413605199"}]}