{"06566a67c4190e179e67523909ea0852:58a8593e397c61bcde1dc6714f973459":{"statistic":{"failed":0,"broken":0,"skipped":1,"passed":0,"unknown":0,"total":1},"items":[{"uid":"f594615141e32c1c","status":"skipped","time":{"start":1770737461035,"stop":1770737461041,"duration":6}}]},"051c3bd71165b4183042aa1016d1638f:58a8593e397c61bcde1dc6714f973459":{"statistic":{"failed":0,"broken":0,"skipped":1,"passed":0,"unknown":0,"total":1},"items":[{"uid":"e47746f9792bef0d","status":"skipped","time":{"start":1770737461043,"stop":1770737461043,"duration":0}}]},"18445507297b24878525a9ad53151ffc:58a8593e397c61bcde1dc6714f973459":{"statistic":{"failed":0,"broken":0,"skipped":0,"passed":1,"unknown":0,"total":1},"items":[{"uid":"2b7d94a4981c5e1","status":"passed","time":{"start":1770737462524,"stop":1770737491143,"duration":28619}}]},"5a4254c55daeee91a2902c1a363cd9ab:58a8593e397c61bcde1dc6714f973459":{"statistic":{"failed":0,"broken":0,"skipped":0,"passed":1,"unknown":0,"total":1},"items":[{"uid":"64d508cc67ba4e2e","status":"passed","time":{"start":1770737462499,"stop":1770737480202,"duration":17703}}]}}