[{"uid":"e47746f9792bef0d","name":"Get In Touch – Submit form with valid data","time":{"start":1770737461043,"stop":1770737461043,"duration":0},"status":"skipped","severity":"normal"},{"uid":"f594615141e32c1c","name":"Get In Touch – Clear button should Reset all fields","time":{"start":1770737461035,"stop":1770737461041,"duration":6},"status":"skipped","severity":"normal"},{"uid":"64d508cc67ba4e2e","name":"Get In Touch – Clear button should Reset all fields","time":{"start":1770737462499,"stop":1770737480202,"duration":17703},"status":"passed","severity":"normal"},{"uid":"2b7d94a4981c5e1","name":"Get In Touch – Mandatory validation Error Messages","time":{"start":1770737462524,"stop":1770737491143,"duration":28619},"status":"passed","severity":"normal"}]